{"input_shapes": [[8]], "input_data": [[0.09661459177732468, 0.08680662512779236, 0.060301464051008224, 0.05864718183875084, 0.02239217236638069, 0.08076591044664383, 0.009797877632081509, 0.06207549571990967]], "output_data": [[1.0], [1.0], [1.0], [1.0], [1.0], [1.0], [1.0], [1.0]]}